id;season_id;created_at;updated_at;is_processed;date;round_id;status;home_team_id;away_team_id;home_team_score;away_team_score;odds
1710802;6397;1529739439806;1529739439806;false;2017-08-11;128225;FT;19;42;4;3;0
1710803;6397;1529739439806;1529739439806;false;2017-08-12;128225;FT;78;9;0;2;0
1710830;6397;1529739439806;1529739439806;false;2017-08-26;128227;FT;25;78;0;0;0
1710831;6397;1529739439806;1529739439806;false;2017-08-27;128227;FT;10;26;1;1;0
1710832;6397;1529739439806;1529739439806;false;2017-09-09;128228;FT;19;52;3;0;0
1710833;6397;1529739439806;1529739439806;false;2017-09-09;128228;FT;78;10;3;1;0
1710834;6397;1529739439806;1529739439806;false;2017-09-10;128228;FT;27;51;1;0;0
1710835;6397;1529739439806;1529739439806;false;2017-09-09;128228;FT;13;6;0;3;0
1710836;6397;1529739439806;1529739439806;false;2017-09-09;128228;FT;42;18;1;2;0
1710837;6397;1529739439806;1529739439806;false;2017-09-09;128228;FT;9;8;5;0;0
1710838;6397;1529739439806;1529739439806;false;2017-09-09;128228;FT;65;25;0;2;0
1710839;6397;1529739439806;1529739439806;false;2017-09-09;128228;FT;26;14;2;2;0
1710840;6397;1529739439806;1529739439806;false;2017-09-10;128228;FT;30;20;0;1;0
1710841;6397;1529739439806;1529739439806;false;2017-09-11;128228;FT;1;251;2;0;0
1710842;6397;1529739439806;1529739439806;false;2017-09-15;128229;FT;52;78;2;1;0
1710843;6397;1529739439806;1529739439806;false;2017-09-17;128229;FT;18;19;0;0;0
1710844;6397;1529739439806;1529739439806;false;2017-09-16;128229;FT;51;65;0;1;0
1710845;6397;1529739439806;1529739439806;false;2017-09-16;128229;FT;251;42;1;1;0
1710846;6397;1529739439806;1529739439806;false;2017-09-16;128229;FT;8;27;1;1;0
1710847;6397;1529739439806;1529739439806;false;2017-09-17;128229;FT;14;13;4;0;0
1710848;6397;1529739439806;1529739439806;false;2017-09-16;128229;FT;20;26;2;1;0
1710849;6397;1529739439806;1529739439806;false;2017-09-16;128229;FT;6;30;0;0;0
1710850;6397;1529739439806;1529739439806;false;2017-09-16;128229;FT;25;9;0;6;0
1710851;6397;1529739439806;1529739439806;false;2017-09-16;128229;FT;10;1;0;0;0
1710852;6397;1529739439806;1529739439806;false;2017-09-25;128230;FT;19;10;2;0;0
1710853;6397;1529739439806;1529739439806;false;2017-09-24;128230;FT;78;20;1;0;0
1710854;6397;1529739439806;1529739439806;false;2017-09-23;128230;FT;27;251;0;0;0
1710855;6397;1529739439806;1529739439806;false;2017-09-23;128230;FT;13;52;2;1;0
1710856;6397;1529739439806;1529739439806;false;2017-09-23;128230;FT;42;8;2;3;0
1710857;6397;1529739439806;1529739439806;false;2017-09-23;128230;FT;9;51;5;0;0
1710859;6397;1529739439806;1529739439806;false;2017-09-23;128230;FT;26;18;0;4;0
1710860;6397;1529739439806;1529739439806;false;2017-09-23;128230;FT;30;25;1;2;0
1710864;6397;1529739439806;1529739439806;false;2017-09-30;128231;FT;18;9;0;1;0
1710865;6397;1529739439806;1529739439806;false;2017-10-01;128231;FT;13;27;0;1;0
1710866;6397;1529739439806;1529739439806;false;2017-09-30;128231;FT;251;6;0;4;0
1710867;6397;1529739439806;1529739439806;false;2017-09-30;128231;FT;14;51;4;0;0
1710868;6397;1529739439806;1529739439806;false;2017-10-01;128231;FT;20;8;1;1;0
1710869;6397;1529739439806;1529739439806;false;2017-09-30;128231;FT;26;65;2;1;0
1710870;6397;1529739439806;1529739439806;false;2017-09-30;128231;FT;10;25;2;2;0
1710871;6397;1529739439806;1529739439806;false;2017-09-30;128231;FT;1;30;1;0;0
1710872;6397;1529739439806;1529739439806;false;2017-10-15;128232;FT;78;13;1;1;0
1710873;6397;1529739439806;1529739439806;false;2017-10-14;128232;FT;27;1;1;1;0
1710874;6397;1529739439806;1529739439806;false;2017-10-14;128232;FT;51;18;2;1;0
1710804;6397;1529739439806;1529739439806;false;2017-08-12;128225;FT;18;27;2;3;0
1710805;6397;1529739439806;1529739439806;false;2017-08-12;128225;FT;51;251;0;3;0
1710806;6397;1529739439806;1529739439806;false;2017-08-12;128225;FT;13;26;1;0;0
1710807;6397;1529739439806;1529739439806;false;2017-08-13;128225;FT;14;1;4;0;0
1710808;6397;1529739439806;1529739439806;false;2017-08-13;128225;FT;20;6;0;2;0
1710809;6397;1529739439806;1529739439806;false;2017-08-12;128225;FT;65;30;0;0;0
1710810;6397;1529739439806;1529739439806;false;2017-08-12;128225;FT;25;8;3;3;0
1710811;6397;1529739439806;1529739439806;false;2017-08-12;128225;FT;10;52;1;0;0
1710812;6397;1529739439806;1529739439806;false;2017-08-19;128226;FT;52;25;0;2;0
1710813;6397;1529739439806;1529739439806;false;2017-08-19;128226;FT;27;10;0;1;0
1710814;6397;1529739439806;1529739439806;false;2017-08-20;128226;FT;251;20;1;0;0
1710815;6397;1529739439806;1529739439806;false;2017-08-19;128226;FT;42;78;2;0;0
1710816;6397;1529739439806;1529739439806;false;2017-08-19;128226;FT;8;51;1;0;0
1710817;6397;1529739439806;1529739439806;false;2017-08-21;128226;FT;9;13;1;1;0
1710818;6397;1529739439806;1529739439806;false;2017-08-19;128226;FT;26;19;1;0;0
1710819;6397;1529739439806;1529739439806;false;2017-08-19;128226;FT;30;14;0;4;0
1710820;6397;1529739439806;1529739439806;false;2017-08-20;128226;FT;6;18;1;2;0
1710821;6397;1529739439806;1529739439806;false;2018-03-31;128256;FT;1;65;3;0;0
1710822;6397;1529739439806;1529739439806;false;2017-08-26;128227;FT;52;9;1;2;0
1710823;6397;1529739439806;1529739439806;false;2017-08-27;128227;FT;18;13;2;0;0
1710824;6397;1529739439806;1529739439806;false;2017-08-26;128227;FT;51;30;0;2;0
1710825;6397;1529739439806;1529739439806;false;2017-08-26;128227;FT;251;65;0;0;0
1710826;6397;1529739439806;1529739439806;false;2017-08-27;128227;FT;8;19;4;0;0
1710827;6397;1529739439806;1529739439806;false;2017-08-26;128227;FT;14;42;2;0;0
1710828;6397;1529739439806;1529739439806;false;2017-08-26;128227;FT;20;1;3;0;0
1710829;6397;1529739439806;1529739439806;false;2017-08-27;128227;FT;6;27;1;1;0
1710875;6397;1529739439806;1529739439806;false;2017-10-16;128232;FT;42;10;1;1;0
1710876;6397;1529739439806;1529739439806;false;2017-10-14;128232;FT;8;14;0;0;0
1710877;6397;1529739439806;1529739439806;false;2017-10-14;128232;FT;9;26;7;2;0
1710878;6397;1529739439806;1529739439806;false;2017-10-15;128232;FT;65;20;2;2;0
1710879;6397;1529739439806;1529739439806;false;2017-10-14;128232;FT;30;251;2;0;0
1710880;6397;1529739439806;1529739439806;false;2017-10-14;128232;FT;6;52;1;0;0
1710881;6397;1529739439806;1529739439806;false;2017-10-14;128232;FT;25;19;2;1;0
1710882;6397;1529739439806;1529739439806;false;2017-10-21;128233;FT;18;25;4;2;0
1710883;6397;1529739439806;1529739439806;false;2017-10-22;128233;FT;13;19;2;5;0
1710884;6397;1529739439806;1529739439806;false;2017-10-21;128233;FT;251;14;2;1;0
1710885;6397;1529739439806;1529739439806;false;2017-10-21;128233;FT;9;27;3;0;0
1710886;6397;1529739439806;1529739439806;false;2017-10-21;128233;FT;20;51;1;0;0
1710887;6397;1529739439806;1529739439806;false;2017-10-21;128233;FT;65;10;1;0;0
1710888;6397;1529739439806;1529739439806;false;2017-10-21;128233;FT;26;52;1;2;0
1710889;6397;1529739439806;1529739439806;false;2017-10-21;128233;FT;30;42;1;2;0
1710890;6397;1529739439806;1529739439806;false;2017-10-22;128233;FT;6;8;4;1;0
1710891;6397;1529739439806;1529739439806;false;2017-10-20;128233;FT;1;78;0;3;0
1710892;6397;1529739439806;1529739439806;false;2017-10-28;128234;FT;52;18;0;1;0
1710893;6397;1529739439806;1529739439806;false;2017-10-28;128234;FT;19;30;2;1;0
1710894;6397;1529739439806;1529739439806;false;2017-10-29;128234;FT;78;65;1;1;0
1710895;6397;1529739439806;1529739439806;false;2017-10-30;128234;FT;27;20;1;0;0
1710896;6397;1529739439806;1529739439806;false;2017-10-28;128234;FT;51;1;2;2;0
1710897;6397;1529739439806;1529739439806;false;2017-10-29;128234;FT;42;13;2;0;0
1710898;6397;1529739439806;1529739439806;false;2017-10-28;128234;FT;8;251;3;0;0
1710899;6397;1529739439806;1529739439806;false;2017-10-28;128234;FT;14;6;1;0;0
1710900;6397;1529739439806;1529739439806;false;2017-10-28;128234;FT;25;26;0;1;0
1710901;6397;1529739439806;1529739439806;false;2017-10-28;128234;FT;10;9;2;3;0
1710858;6397;1529739439806;1529739439806;false;2017-09-23;128230;FT;65;14;0;1;0
1710861;6397;1529739439806;1529739439806;false;2017-09-23;128230;FT;1;6;2;3;0
1710862;6397;1529739439806;1529739439806;false;2017-09-30;128231;FT;52;42;0;0;0
1710863;6397;1529739439806;1529739439806;false;2017-10-01;128231;FT;19;78;2;0;0
1710902;6397;1529739439806;1529739439806;false;2017-11-05;128235;FT;18;14;1;0;0
1710903;6397;1529739439806;1529739439806;false;2017-11-05;128235;FT;13;25;3;2;0
1710904;6397;1529739439806;1529739439806;false;2017-11-04;128235;FT;251;10;1;0;0
1710905;6397;1529739439806;1529739439806;false;2017-11-05;128235;FT;9;19;3;1;0
1710906;6397;1529739439806;1529739439806;false;2017-11-04;128235;FT;20;52;0;1;0
1710907;6397;1529739439806;1529739439806;false;2017-11-04;128235;FT;65;27;0;1;0
1710908;6397;1529739439806;1529739439806;false;2017-11-04;128235;FT;26;42;2;2;0
1710909;6397;1529739439806;1529739439806;false;2017-11-04;128235;FT;30;78;0;1;0
1710910;6397;1529739439806;1529739439806;false;2017-11-05;128235;FT;6;51;1;0;0
1710911;6397;1529739439806;1529739439806;false;2017-11-04;128235;FT;1;8;1;4;0
1710912;6397;1529739439806;1529739439806;false;2017-11-18;128236;FT;52;251;4;0;0
1710913;6397;1529739439806;1529739439806;false;2017-11-18;128236;FT;19;6;2;0;0
1710914;6397;1529739439806;1529739439806;false;2017-11-20;128236;FT;78;26;2;2;0
1710915;6397;1529739439806;1529739439806;false;2017-11-18;128236;FT;27;30;2;0;0
1710916;6397;1529739439806;1529739439806;false;2017-11-18;128236;FT;51;13;2;2;0
1710917;6397;1529739439806;1529739439806;false;2017-11-18;128236;FT;42;9;0;2;0
1710918;6397;1529739439806;1529739439806;false;2017-11-18;128236;FT;8;65;3;0;0
1710919;6397;1529739439806;1529739439806;false;2017-11-18;128236;FT;14;20;4;1;0
1710920;6397;1529739439806;1529739439806;false;2017-11-19;128236;FT;25;1;2;0;0
1710921;6397;1529739439806;1529739439806;false;2017-11-18;128236;FT;10;18;0;4;0
1710922;6397;1529739439806;1529739439806;false;2017-11-26;128237;FT;27;19;0;1;0
1710923;6397;1529739439806;1529739439806;false;2017-11-25;128237;FT;51;26;2;1;0
1710924;6397;1529739439806;1529739439806;false;2017-11-26;128237;FT;251;9;1;2;0
1710925;6397;1529739439806;1529739439806;false;2017-11-25;128237;FT;8;18;1;1;0
1710926;6397;1529739439806;1529739439806;false;2017-11-25;128237;FT;14;78;1;0;0
1710927;6397;1529739439806;1529739439806;false;2017-11-25;128237;FT;20;25;0;3;0
1710928;6397;1529739439806;1529739439806;false;2017-11-26;128237;FT;65;13;4;1;0
1710929;6397;1529739439806;1529739439806;false;2017-11-25;128237;FT;30;52;0;0;0
1710930;6397;1529739439806;1529739439806;false;2017-11-25;128237;FT;6;10;1;1;0
1710931;6397;1529739439806;1529739439806;false;2017-11-24;128237;FT;1;42;1;1;0
1710932;6397;1529739439806;1529739439806;false;2017-11-29;128238;FT;52;27;1;2;0
1710933;6397;1529739439806;1529739439806;false;2017-11-29;128238;FT;19;251;5;0;0
1710934;6397;1529739439806;1529739439806;false;2017-11-28;128238;FT;78;51;0;0;0
1710935;6397;1529739439806;1529739439806;false;2017-11-28;128238;FT;42;6;2;1;0
1710936;6397;1529739439806;1529739439806;false;2017-11-28;128238;FT;25;14;2;4;0
1710937;6397;1529739439806;1529739439806;false;2017-11-28;128238;FT;10;20;2;2;0
1710938;6397;1529739439806;1529739439806;false;2017-11-29;128238;FT;18;30;1;0;0
1710942;6397;1529739439806;1529739439806;false;2017-12-03;128239;FT;52;65;1;1;0
1710943;6397;1529739439806;1529739439806;false;2017-12-02;128239;FT;19;14;1;3;0
1710944;6397;1529739439806;1529739439806;false;2017-12-02;128239;FT;78;8;1;5;0
1710945;6397;1529739439806;1529739439806;false;2017-12-02;128239;FT;18;20;3;1;0
1710946;6397;1529739439806;1529739439806;false;2017-12-02;128239;FT;13;251;2;0;0
1710947;6397;1529739439806;1529739439806;false;2017-12-02;128239;FT;42;27;1;0;0
1710948;6397;1529739439806;1529739439806;false;2017-12-03;128239;FT;9;1;2;1;0
1710949;6397;1529739439806;1529739439806;false;2017-12-02;128239;FT;26;30;2;1;0
1710950;6397;1529739439806;1529739439806;false;2017-12-02;128239;FT;25;6;1;1;0
1710951;6397;1529739439806;1529739439806;false;2017-12-02;128239;FT;10;51;0;0;0
1710952;6397;1529739439806;1529739439806;false;2017-12-09;128240;FT;27;25;1;0;0
1710953;6397;1529739439806;1529739439806;false;2017-12-09;128240;FT;51;52;2;2;0
1710954;6397;1529739439806;1529739439806;false;2017-12-09;128240;FT;251;78;2;0;0
1710955;6397;1529739439806;1529739439806;false;2017-12-10;128240;FT;8;13;1;1;0
1710956;6397;1529739439806;1529739439806;false;2017-12-10;128240;FT;14;9;1;2;0
1710957;6397;1529739439806;1529739439806;false;2017-12-09;128240;FT;20;42;2;3;0
1710958;6397;1529739439806;1529739439806;false;2017-12-10;128240;FT;65;19;1;1;0
1710959;6397;1529739439806;1529739439806;false;2017-12-09;128240;FT;30;10;1;0;0
1710960;6397;1529739439806;1529739439806;false;2017-12-09;128240;FT;6;26;5;1;0
1710961;6397;1529739439806;1529739439806;false;2017-12-09;128240;FT;1;18;1;0;0
1710962;6397;1529739439806;1529739439806;false;2017-12-12;128241;FT;27;26;1;0;0
1710963;6397;1529739439806;1529739439806;false;2017-12-12;128241;FT;251;18;1;3;0
1710964;6397;1529739439806;1529739439806;false;2017-12-13;128241;FT;30;9;0;4;0
1710965;6397;1529739439806;1529739439806;false;2017-12-13;128241;FT;1;19;0;0;0
1710966;6397;1529739439806;1529739439806;false;2017-12-12;128241;FT;51;25;2;1;0
1710967;6397;1529739439806;1529739439806;false;2017-12-13;128241;FT;14;52;1;0;0
1710968;6397;1529739439806;1529739439806;false;2017-12-13;128241;FT;20;13;0;1;0
1710969;6397;1529739439806;1529739439806;false;2017-12-13;128241;FT;65;42;1;4;0
1710970;6397;1529739439806;1529739439806;false;2017-12-13;128241;FT;8;10;0;0;0
1710971;6397;1529739439806;1529739439806;false;2017-12-13;128241;FT;6;78;2;0;0
1710972;6397;1529739439806;1529739439806;false;2017-12-17;128242;FT;52;8;0;4;0
1710973;6397;1529739439806;1529739439806;false;2017-12-16;128242;FT;19;20;1;0;0
1710974;6397;1529739439806;1529739439806;false;2017-12-16;128242;FT;78;27;0;0;0
1710939;6397;1529739439806;1529739439806;false;2017-11-29;128238;FT;13;1;4;0;0
1710940;6397;1529739439806;1529739439806;false;2017-11-29;128238;FT;9;65;2;1;0
1710941;6397;1529739439806;1529739439806;false;2017-11-29;128238;FT;26;8;0;3;0
1710975;6397;1529739439806;1529739439806;false;2017-12-16;128242;FT;18;65;1;0;0
1710976;6397;1529739439806;1529739439806;false;2017-12-18;128242;FT;13;30;3;1;0
1710977;6397;1529739439806;1529739439806;false;2017-12-16;128242;FT;42;51;0;3;0
1710978;6397;1529739439806;1529739439806;false;2017-12-16;128242;FT;9;6;4;1;0
1710979;6397;1529739439806;1529739439806;false;2017-12-16;128242;FT;26;1;0;3;0
1710980;6397;1529739439806;1529739439806;false;2017-12-16;128242;FT;25;251;1;4;0
1710981;6397;1529739439806;1529739439806;false;2017-12-17;128242;FT;10;14;1;2;0
1710982;6397;1529739439806;1529739439806;false;2017-12-22;128243;FT;19;8;3;3;0
1710983;6397;1529739439806;1529739439806;false;2017-12-23;128243;FT;78;25;1;0;0
1710984;6397;1529739439806;1529739439806;false;2017-12-23;128243;FT;27;6;0;3;0
1710985;6397;1529739439806;1529739439806;false;2017-12-23;128243;FT;13;18;0;0;0
1710986;6397;1529739439806;1529739439806;false;2017-12-23;128243;FT;42;14;2;2;0
1710987;6397;1529739439806;1529739439806;false;2017-12-23;128243;FT;9;52;4;0;0
1710988;6397;1529739439806;1529739439806;false;2017-12-23;128243;FT;65;251;1;1;0
1710989;6397;1529739439806;1529739439806;false;2017-12-23;128243;FT;26;10;3;1;0
1710990;6397;1529739439806;1529739439806;false;2017-12-23;128243;FT;30;51;1;1;0
1710991;6397;1529739439806;1529739439806;false;2017-12-23;128243;FT;1;20;2;3;0
1710992;6397;1529739439806;1529739439806;false;2017-12-26;128244;FT;52;1;3;3;0
1710993;6397;1529739439806;1529739439806;false;2017-12-26;128244;FT;18;78;2;0;0
1710994;6397;1529739439806;1529739439806;false;2017-12-28;128244;FT;51;19;2;3;0
1710995;6397;1529739439806;1529739439806;false;2017-12-26;128244;FT;251;26;1;1;0
1710996;6397;1529739439806;1529739439806;false;2017-12-26;128244;FT;8;30;5;0;0
1710997;6397;1529739439806;1529739439806;false;2017-12-26;128244;FT;14;27;2;2;0
1710998;6397;1529739439806;1529739439806;false;2017-12-27;128244;FT;20;9;0;1;0
1710999;6397;1529739439806;1529739439806;false;2017-12-26;128244;FT;6;65;5;2;0
1711000;6397;1529739439806;1529739439806;false;2017-12-26;128244;FT;25;42;2;1;0
1711001;6397;1529739439806;1529739439806;false;2017-12-26;128244;FT;10;13;0;0;0
1711002;6397;1529739439806;1529739439806;false;2017-12-30;128245;FT;52;13;2;1;0
1711003;6397;1529739439806;1529739439806;false;2017-12-30;128245;FT;18;26;5;0;0
1711004;6397;1529739439806;1529739439806;false;2017-12-31;128245;FT;51;9;0;0;0
1711005;6397;1529739439806;1529739439806;false;2017-12-30;128245;FT;251;27;0;0;0
1711006;6397;1529739439806;1529739439806;false;2017-12-30;128245;FT;8;42;2;1;0
1711007;6397;1529739439806;1529739439806;false;2017-12-30;128245;FT;14;65;0;0;0
1711008;6397;1529739439806;1529739439806;false;2017-12-30;128245;FT;20;78;0;0;0
1711009;6397;1529739439806;1529739439806;false;2018-01-04;128245;FT;6;1;1;1;0
1711010;6397;1529739439806;1529739439806;false;2017-12-30;128245;FT;25;30;1;2;0
1711011;6397;1529739439806;1529739439806;false;2017-12-31;128245;FT;10;19;1;1;0
1711012;6397;1529739439806;1529739439806;false;2018-01-03;128246;FT;19;18;2;2;0
1711013;6397;1529739439806;1529739439806;false;2018-01-01;128246;FT;78;52;2;2;0
1711014;6397;1529739439806;1529739439806;false;2018-01-01;128246;FT;27;8;1;2;0
1711015;6397;1529739439806;1529739439806;false;2018-01-01;128246;FT;13;14;0;2;0
1711016;6397;1529739439806;1529739439806;false;2018-01-01;128246;FT;42;251;3;0;0
1711017;6397;1529739439806;1529739439806;false;2018-01-02;128246;FT;9;25;3;1;0
1711018;6397;1529739439806;1529739439806;false;2018-01-02;128246;FT;65;51;1;2;0
1711019;6397;1529739439806;1529739439806;false;2018-01-01;128246;FT;26;20;0;1;0
1711023;6397;1529739439806;1529739439806;false;2018-01-13;128247;FT;18;42;0;0;0
1711024;6397;1529739439806;1529739439806;false;2018-01-13;128247;FT;51;27;1;0;0
1711025;6397;1529739439806;1529739439806;false;2018-01-13;128247;FT;251;1;1;4;0
1711026;6397;1529739439806;1529739439806;false;2018-01-14;128247;FT;8;9;4;3;0
1711027;6397;1529739439806;1529739439806;false;2018-01-15;128247;FT;14;26;3;0;0
1711028;6397;1529739439806;1529739439806;false;2018-01-13;128247;FT;20;30;1;1;0
1711029;6397;1529739439806;1529739439806;false;2018-01-13;128247;FT;6;13;4;0;0
1711030;6397;1529739439806;1529739439806;false;2018-01-13;128247;FT;25;65;2;2;0
1711031;6397;1529739439806;1529739439806;false;2018-01-13;128247;FT;10;78;2;0;0
1711032;6397;1529739439806;1529739439806;false;2018-01-20;128248;FT;19;51;4;1;0
1711033;6397;1529739439806;1529739439806;false;2018-01-20;128248;FT;78;18;0;4;0
1711034;6397;1529739439806;1529739439806;false;2018-01-20;128248;FT;27;14;0;1;0
1711035;6397;1529739439806;1529739439806;false;2018-01-20;128248;FT;13;10;1;1;0
1711036;6397;1529739439806;1529739439806;false;2018-01-20;128248;FT;42;25;2;0;0
1711037;6397;1529739439806;1529739439806;false;2018-01-20;128248;FT;9;20;3;1;0
1711038;6397;1529739439806;1529739439806;false;2018-01-21;128248;FT;65;6;1;1;0
1711039;6397;1529739439806;1529739439806;false;2018-01-20;128248;FT;26;251;2;0;0
1711040;6397;1529739439806;1529739439806;false;2018-01-22;128248;FT;30;8;1;0;0
1711041;6397;1529739439806;1529739439806;false;2018-01-20;128248;FT;1;52;1;1;0
1711042;6397;1529739439806;1529739439806;false;2018-01-30;128249;FT;251;8;0;3;0
1711043;6397;1529739439806;1529739439806;false;2018-01-30;128249;FT;30;19;3;1;0
1711044;6397;1529739439806;1529739439806;false;2018-01-30;128249;FT;1;51;1;1;0
1711045;6397;1529739439806;1529739439806;false;2018-01-31;128249;FT;18;52;0;3;0
1711046;6397;1529739439806;1529739439806;false;2018-01-31;128249;FT;13;42;2;1;0
1711047;6397;1529739439806;1529739439806;false;2018-01-31;128249;FT;20;27;1;1;0
1711048;6397;1529739439806;1529739439806;false;2018-01-31;128249;FT;65;78;1;1;0
1711049;6397;1529739439806;1529739439806;false;2018-01-31;128249;FT;9;10;3;0;0
1711020;6397;1529739439806;1529739439806;false;2018-01-02;128246;FT;30;6;0;2;0
1711021;6397;1529739439806;1529739439806;false;2018-01-02;128246;FT;1;10;2;1;0
1711022;6397;1529739439806;1529739439806;false;2018-01-14;128247;FT;52;19;2;1;0
1711050;6397;1529739439806;1529739439806;false;2018-01-31;128249;FT;26;25;0;0;0
1711051;6397;1529739439806;1529739439806;false;2018-01-31;128249;FT;6;14;2;0;0
1711052;6397;1529739439806;1529739439806;false;2018-02-03;128250;FT;52;26;2;1;0
1711053;6397;1529739439806;1529739439806;false;2018-02-03;128250;FT;19;13;5;1;0
1711054;6397;1529739439806;1529739439806;false;2018-02-03;128250;FT;78;1;3;1;0
1711055;6397;1529739439806;1529739439806;false;2018-02-03;128250;FT;27;9;1;1;0
1711056;6397;1529739439806;1529739439806;false;2018-02-04;128250;FT;51;20;1;1;0
1711057;6397;1529739439806;1529739439806;false;2018-02-03;128250;FT;42;30;1;1;0
1711058;6397;1529739439806;1529739439806;false;2018-02-04;128250;FT;8;6;2;2;0
1711059;6397;1529739439806;1529739439806;false;2018-02-03;128250;FT;14;251;2;0;0
1711060;6397;1529739439806;1529739439806;false;2018-02-05;128250;FT;25;18;4;1;0
1711061;6397;1529739439806;1529739439806;false;2018-02-03;128250;FT;10;65;2;3;0
1711062;6397;1529739439806;1529739439806;false;2018-02-12;128251;FT;18;10;3;0;0
1711063;6397;1529739439806;1529739439806;false;2018-02-10;128251;FT;13;51;3;1;0
1711064;6397;1529739439806;1529739439806;false;2018-02-11;128251;FT;251;52;4;1;0
1711065;6397;1529739439806;1529739439806;false;2018-02-10;128251;FT;9;42;5;1;0
1711066;6397;1529739439806;1529739439806;false;2018-02-11;128251;FT;20;14;1;0;0
1711067;6397;1529739439806;1529739439806;false;2018-02-11;128251;FT;65;8;0;2;0
1711068;6397;1529739439806;1529739439806;false;2018-02-10;128251;FT;26;78;1;1;0
1711069;6397;1529739439806;1529739439806;false;2018-02-10;128251;FT;30;27;1;0;0
1711070;6397;1529739439806;1529739439806;false;2018-02-10;128251;FT;6;19;1;0;0
1711071;6397;1529739439806;1529739439806;false;2018-02-10;128251;FT;1;25;2;0;0
1711072;6397;1529739439806;1529739439806;false;2018-02-24;128252;FT;52;20;2;2;0
1711073;6397;1529739439806;1529739439806;false;2018-03-01;128252;FT;19;9;0;3;0
1711074;6397;1529739439806;1529739439806;false;2018-02-24;128252;FT;78;30;4;1;0
1711075;6397;1529739439806;1529739439806;false;2018-02-24;128252;FT;27;65;1;1;0
1711076;6397;1529739439806;1529739439806;false;2018-02-25;128252;FT;51;6;0;1;0
1711077;6397;1529739439806;1529739439806;false;2018-02-24;128252;FT;42;26;1;1;0
1711078;6397;1529739439806;1529739439806;false;2018-02-24;128252;FT;8;1;4;1;0
1711079;6397;1529739439806;1529739439806;false;2018-02-25;128252;FT;14;18;2;1;0
1711080;6397;1529739439806;1529739439806;false;2018-02-24;128252;FT;25;13;1;0;0
1711081;6397;1529739439806;1529739439806;false;2018-02-24;128252;FT;10;251;1;2;0
1711082;6397;1529739439806;1529739439806;false;2018-03-04;128253;FT;78;19;2;1;0
1711083;6397;1529739439806;1529739439806;false;2018-03-03;128253;FT;27;13;2;1;0
1711084;6397;1529739439806;1529739439806;false;2018-03-05;128253;FT;51;14;2;3;0
1711085;6397;1529739439806;1529739439806;false;2018-03-03;128253;FT;42;52;1;1;0
1711086;6397;1529739439806;1529739439806;false;2018-03-03;128253;FT;8;20;2;0;0
1711087;6397;1529739439806;1529739439806;false;2018-03-04;128253;FT;9;18;1;0;0
1711088;6397;1529739439806;1529739439806;false;2018-03-03;128253;FT;65;26;0;0;0
1711089;6397;1529739439806;1529739439806;false;2018-03-03;128253;FT;30;1;4;1;0
1711090;6397;1529739439806;1529739439806;false;2018-03-03;128253;FT;6;251;2;0;0
1711091;6397;1529739439806;1529739439806;false;2018-03-03;128253;FT;25;10;1;0;0
1711092;6397;1529739439806;1529739439806;false;2018-03-11;128254;FT;52;6;1;4;0
1711093;6397;1529739439806;1529739439806;false;2018-03-11;128254;FT;19;25;3;0;0
1711094;6397;1529739439806;1529739439806;false;2018-03-10;128254;FT;18;51;2;1;0
1711095;6397;1529739439806;1529739439806;false;2018-03-10;128254;FT;13;78;2;0;0
1711096;6397;1529739439806;1529739439806;false;2018-03-10;128254;FT;251;30;0;0;0
1711097;6397;1529739439806;1529739439806;false;2018-03-10;128254;FT;14;8;2;1;0
1711098;6397;1529739439806;1529739439806;false;2018-03-10;128254;FT;20;65;3;0;0
1711099;6397;1529739439806;1529739439806;false;2018-03-12;128254;FT;26;9;0;2;0
1711128;6397;1529739439806;1529739439806;false;2018-04-07;128257;FT;9;14;2;3;0
1711129;6397;1529739439806;1529739439806;false;2018-04-07;128257;FT;26;6;1;2;0
1711130;6397;1529739439806;1529739439806;false;2018-04-07;128257;FT;25;27;1;2;0
1711131;6397;1529739439806;1529739439806;false;2018-04-07;128257;FT;10;30;1;1;0
1711132;6397;1529739439806;1529739439806;false;2018-04-14;128258;FT;27;42;2;1;0
1711133;6397;1529739439806;1529739439806;false;2018-04-14;128258;FT;51;78;3;2;0
1711134;6397;1529739439806;1529739439806;false;2018-04-14;128258;FT;251;25;1;0;0
1711135;6397;1529739439806;1529739439806;false;2018-04-14;128258;FT;8;52;3;0;0
1711136;6397;1529739439806;1529739439806;false;2018-04-15;128258;FT;14;10;0;1;0
1711137;6397;1529739439806;1529739439806;false;2018-04-15;128258;FT;20;19;2;1;0
1711138;6397;1529739439806;1529739439806;false;2018-04-14;128258;FT;65;18;2;3;0
1711139;6397;1529739439806;1529739439806;false;2018-04-14;128258;FT;30;13;1;1;0
1711140;6397;1529739439806;1529739439806;false;2018-04-14;128258;FT;6;9;1;3;0
1711141;6397;1529739439806;1529739439806;false;2018-04-16;128258;FT;1;26;1;1;0
1711142;6397;1529739439806;1529739439806;false;2018-04-18;128259;FT;52;14;0;2;0
1711143;6397;1529739439806;1529739439806;false;2018-04-22;128259;FT;19;1;4;1;0
1711144;6397;1529739439806;1529739439806;false;2018-04-17;128259;FT;78;6;1;1;0
1711100;6397;1529739439806;1529739439806;false;2018-03-10;128254;FT;10;42;1;4;0
1711101;6397;1529739439806;1529739439806;false;2018-03-10;128254;FT;1;27;0;3;0
1711102;6397;1529739439806;1529739439806;false;2018-03-17;128255;FT;52;10;2;1;0
1711103;6397;1529739439806;1529739439806;false;2018-04-19;128255;FT;27;18;1;2;0
1711104;6397;1529739439806;1529739439806;false;2018-03-17;128255;FT;251;51;0;2;0
1711105;6397;1529739439806;1529739439806;false;2018-05-09;128255;FT;42;19;3;1;0
1711106;6397;1529739439806;1529739439806;false;2018-03-17;128255;FT;8;25;5;0;0
1711107;6397;1529739439806;1529739439806;false;2018-05-09;128255;FT;9;78;3;1;0
1711108;6397;1529739439806;1529739439806;false;2018-03-17;128255;FT;26;13;1;2;0
1711109;6397;1529739439806;1529739439806;false;2018-05-08;128255;FT;30;65;0;1;0
1711110;6397;1529739439806;1529739439806;false;2018-05-09;128255;FT;6;20;1;0;0
1711111;6397;1529739439806;1529739439806;false;2018-05-10;128255;FT;1;14;0;0;0
1711112;6397;1529739439806;1529739439806;false;2018-04-01;128256;FT;19;26;3;0;0
1711113;6397;1529739439806;1529739439806;false;2018-03-31;128256;FT;78;42;0;2;0
1711114;6397;1529739439806;1529739439806;false;2018-04-01;128256;FT;18;6;1;3;0
1711115;6397;1529739439806;1529739439806;false;2018-03-31;128256;FT;51;8;1;2;0
1711116;6397;1529739439806;1529739439806;false;2018-03-31;128256;FT;13;9;1;3;0
1711117;6397;1529739439806;1529739439806;false;2018-03-31;128256;FT;14;30;2;0;0
1711118;6397;1529739439806;1529739439806;false;2018-03-31;128256;FT;20;251;1;0;0
1711119;6397;1529739439806;1529739439806;false;2017-08-19;128226;FT;65;1;3;2;0
1711120;6397;1529739439806;1529739439806;false;2018-03-31;128256;FT;25;52;2;2;0
1711121;6397;1529739439806;1529739439806;false;2018-03-31;128256;FT;10;27;1;2;0
1711122;6397;1529739439806;1529739439806;false;2018-04-07;128257;FT;52;51;2;2;0
1711123;6397;1529739439806;1529739439806;false;2018-04-08;128257;FT;19;65;3;2;0
1711124;6397;1529739439806;1529739439806;false;2018-04-07;128257;FT;78;251;1;1;0
1711125;6397;1529739439806;1529739439806;false;2018-04-08;128257;FT;18;1;1;1;0
1711126;6397;1529739439806;1529739439806;false;2018-04-07;128257;FT;13;8;0;0;0
1711127;6397;1529739439806;1529739439806;false;2018-04-07;128257;FT;42;20;1;2;0
1711145;6397;1529739439806;1529739439806;false;2018-05-09;128259;FT;18;251;1;1;0
1711146;6397;1529739439806;1529739439806;false;2018-04-23;128259;FT;13;20;1;0;0
1711147;6397;1529739439806;1529739439806;false;2018-04-19;128259;FT;42;65;0;0;0
1711148;6397;1529739439806;1529739439806;false;2018-04-22;128259;FT;9;30;5;0;0
1711149;6397;1529739439806;1529739439806;false;2018-04-22;128259;FT;26;27;1;1;0
1711150;6397;1529739439806;1529739439806;false;2018-04-21;128259;FT;25;51;0;0;0
1711151;6397;1529739439806;1529739439806;false;2018-04-21;128259;FT;10;8;2;2;0
1711152;6397;1529739439806;1529739439806;false;2018-04-28;128260;FT;27;78;0;0;0
1711153;6397;1529739439806;1529739439806;false;2018-04-28;128260;FT;51;42;5;0;0
1711154;6397;1529739439806;1529739439806;false;2018-04-28;128260;FT;251;13;0;2;0
1711155;6397;1529739439806;1529739439806;false;2018-04-28;128260;FT;8;26;0;0;0
1711156;6397;1529739439806;1529739439806;false;2018-04-29;128260;FT;14;19;2;1;0
1711157;6397;1529739439806;1529739439806;false;2018-04-28;128260;FT;20;10;0;1;0
1711158;6397;1529739439806;1529739439806;false;2018-04-28;128260;FT;65;52;2;1;0
1711159;6397;1529739439806;1529739439806;false;2018-04-28;128260;FT;30;18;0;1;0
1711160;6397;1529739439806;1529739439806;false;2018-04-30;128260;FT;6;25;2;0;0
1711161;6397;1529739439806;1529739439806;false;2018-04-29;128260;FT;1;9;1;4;0
1711162;6397;1529739439806;1529739439806;false;2018-05-05;128261;FT;52;30;1;0;0
1711163;6397;1529739439806;1529739439806;false;2018-05-06;128261;FT;19;27;5;0;0
1711164;6397;1529739439806;1529739439806;false;2018-05-04;128261;FT;78;14;1;0;0
1711165;6397;1529739439806;1529739439806;false;2018-05-06;128261;FT;18;8;1;0;0
1711166;6397;1529739439806;1529739439806;false;2018-05-05;128261;FT;13;65;1;1;0
1711167;6397;1529739439806;1529739439806;false;2018-05-05;128261;FT;42;1;0;2;0
1711168;6397;1529739439806;1529739439806;false;2018-05-06;128261;FT;9;251;0;0;0
1711169;6397;1529739439806;1529739439806;false;2018-05-05;128261;FT;26;51;1;2;0
1711170;6397;1529739439806;1529739439806;false;2018-05-05;128261;FT;25;20;2;1;0
1711171;6397;1529739439806;1529739439806;false;2018-05-05;128261;FT;10;6;1;0;0
1711172;6397;1529739439806;1529739439806;false;2018-05-13;128262;FT;27;52;1;2;0
1711173;6397;1529739439806;1529739439806;false;2018-05-13;128262;FT;51;10;2;0;0
1711174;6397;1529739439806;1529739439806;false;2018-05-13;128262;FT;251;19;0;1;0
1711175;6397;1529739439806;1529739439806;false;2018-05-13;128262;FT;8;78;4;0;0
1711176;6397;1529739439806;1529739439806;false;2018-05-13;128262;FT;14;25;1;0;0
1711177;6397;1529739439806;1529739439806;false;2018-05-13;128262;FT;20;18;3;0;0
1711178;6397;1529739439806;1529739439806;false;2018-05-13;128262;FT;65;9;0;1;0
1711179;6397;1529739439806;1529739439806;false;2018-05-13;128262;FT;30;26;1;2;0
1711180;6397;1529739439806;1529739439806;false;2018-05-13;128262;FT;6;42;5;4;0
1711181;6397;1529739439806;1529739439806;false;2018-05-13;128262;FT;1;13;3;1;0